brand,name,size,fullName,category,price,wasPrice,barcode,stock,status,image,id
Freshvale,Organic Cotton Tee,M,Freshvale Organic Cotton Tee M,Tops,"₦8,500",,6153000000014,40,In stock,tee.webp,tops-tee
Northline,Oxford Shirt,L,Northline Oxford Shirt L,Tops,"₦18,500",,6153000000021,22,In stock,oxford.webp,tops-oxford
Kora,Fleece Hoodie,M,Kora Fleece Hoodie M,Tops,"₦26,000",,6153000000038,14,In stock,hoodie.webp,tops-hoodie
Northline,Water-Repellent Lightweight Packable Rain Jacket,M,Northline Water-Repellent Lightweight Packable Rain Jacket M,Tops,"₦39,500",,6153000000045,9,In stock,rainjacket.webp,tops-rainjacket
Freshvale,Slim Denim Jeans,32W,Freshvale Slim Denim Jeans 32W,Bottoms,"₦24,000","₦28,000",6153000000052,18,Offer,jeans.webp,btm-jeans
Kora,Leather Sneakers,UK 9,Kora Leather Sneakers UK 9,Footwear,"₦45,000",,6153000000069,0,Out of stock,sneakers.webp,ftw-sneakers
Freshvale,Crew Socks,One size,Freshvale Crew Socks One size,Accessories,₦950,,6153000000076,180,In stock,socks.webp,acc-socks
Northline,Baseball Cap,One size,Northline Baseball Cap One size,Accessories,"₦7,500",,6153000000083,30,In stock,cap.webp,acc-cap
Kora,Wool Beanie,One size,Kora Wool Beanie One size,Accessories,"₦6,000",,6153000000090,3,In stock,beanie.webp,acc-beanie
Freshvale,Canvas Tote,One size,Freshvale Canvas Tote One size,Bags,"₦5,500",,6153000000106,25,In stock,tote.webp,bag-tote
